No,Country,Latitude,Longitude,Crop,Year,Kg/ha_yield,average_rain_fall_mm_per_year,pesticides_tonnes,avg_temp
2734,Brazil,-14.235,-51.9253,Yams,1991,9135.3,1761,58349.44,20.13
2733,Brazil,-14.235,-51.9253,Yams,1991,9135.3,1761,58349.44,27.34
2735,Brazil,-14.235,-51.9253,Yams,1991,9135.3,1761,58349.44,27.21
2730,Brazil,-14.235,-51.9253,Yams,1991,9135.3,1761,58349.44,20.13
2731,Brazil,-14.235,-51.9253,Yams,1991,9135.3,1761,58349.44,17.95
2732,Brazil,-14.235,-51.9253,Yams,1991,9135.3,1761,58349.44,17.95
2736,Brazil,-14.235,-51.9253,Yams,1991,9135.3,1761,58349.44,19.11
2737,Brazil,-14.235,-51.9253,Yams,1991,9135.3,1761,58349.44,25.57
2739,Brazil,-14.235,-51.9253,Yams,1991,9135.3,1761,58349.44,25.06
2738,Brazil,-14.235,-51.9253,Yams,1991,9135.3,1761,58349.44,24.25
2831,Brazil,-14.235,-51.9253,Yams,1992,9141.3,1761,67003.89,17.8
2832,Brazil,-14.235,-51.9253,Yams,1992,9141.3,1761,67003.89,27.58
2833,Brazil,-14.235,-51.9253,Yams,1992,9141.3,1761,67003.89,20.21
2834,Brazil,-14.235,-51.9253,Yams,1992,9141.3,1761,67003.89,27.42
2835,Brazil,-14.235,-51.9253,Yams,1992,9141.3,1761,67003.89,18.72
2836,Brazil,-14.235,-51.9253,Yams,1992,9141.3,1761,67003.89,25.61
2837,Brazil,-14.235,-51.9253,Yams,1992,9141.3,1761,67003.89,24.24
2838,Brazil,-14.235,-51.9253,Yams,1992,9141.3,1761,67003.89,24.97
2729,Brazil,-14.235,-51.9253,Yams,1991,9135.3,1761,58349.44,21.43
2828,Brazil,-14.235,-51.9253,Yams,1992,9141.3,1761,67003.89,21.35
2829,Brazil,-14.235,-51.9253,Yams,1992,9141.3,1761,67003.89,20.21
2830,Brazil,-14.235,-51.9253,Yams,1992,9141.3,1761,67003.89,17.8
3034,Brazil,-14.235,-51.9253,Yams,1994,9166.7,1761,84312.78,26.05
3035,Brazil,-14.235,-51.9253,Yams,1994,9166.7,1761,84312.78,24.71
3036,Brazil,-14.235,-51.9253,Yams,1994,9166.7,1761,84312.78,25.42
4617,Brazil,-14.235,-51.9253,Yams,2011,9641.4,1761,345026,18.82
4618,Brazil,-14.235,-51.9253,Yams,2011,9641.4,1761,345026,25.89
4619,Brazil,-14.235,-51.9253,Yams,2011,9641.4,1761,345026,24.32
4620,Brazil,-14.235,-51.9253,Yams,2011,9641.4,1761,345026,25.28
3125,Brazil,-14.235,-51.9253,Yams,1995,9158.7,1761,92967.22,22.07
3126,Brazil,-14.235,-51.9253,Yams,1995,9158.7,1761,92967.22,20.61
3127,Brazil,-14.235,-51.9253,Yams,1995,9158.7,1761,92967.22,18.27
3128,Brazil,-14.235,-51.9253,Yams,1995,9158.7,1761,92967.22,18.27
3129,Brazil,-14.235,-51.9253,Yams,1995,9158.7,1761,92967.22,27.52
3130,Brazil,-14.235,-51.9253,Yams,1995,9158.7,1761,92967.22,20.61
3131,Brazil,-14.235,-51.9253,Yams,1995,9158.7,1761,92967.22,27.34
3132,Brazil,-14.235,-51.9253,Yams,1995,9158.7,1761,92967.22,18.89
3133,Brazil,-14.235,-51.9253,Yams,1995,9158.7,1761,92967.22,26.05
3134,Brazil,-14.235,-51.9253,Yams,1995,9158.7,1761,92967.22,24.77
3135,Brazil,-14.235,-51.9253,Yams,1995,9158.7,1761,92967.22,25.65
4709,Brazil,-14.235,-51.9253,Yams,2012,9761.9,1761,346583,22.16
4710,Brazil,-14.235,-51.9253,Yams,2012,9761.9,1761,346583,21.02
2927,Brazil,-14.235,-51.9253,Yams,1993,9147.1,1761,75658.33,21.94
2928,Brazil,-14.235,-51.9253,Yams,1993,9147.1,1761,75658.33,20.49
2929,Brazil,-14.235,-51.9253,Yams,1993,9147.1,1761,75658.33,17.93
2930,Brazil,-14.235,-51.9253,Yams,1993,9147.1,1761,75658.33,17.93
2931,Brazil,-14.235,-51.9253,Yams,1993,9147.1,1761,75658.33,28.18
2932,Brazil,-14.235,-51.9253,Yams,1993,9147.1,1761,75658.33,20.49
2933,Brazil,-14.235,-51.9253,Yams,1993,9147.1,1761,75658.33,26.89
2934,Brazil,-14.235,-51.9253,Yams,1993,9147.1,1761,75658.33,18.69
2935,Brazil,-14.235,-51.9253,Yams,1993,9147.1,1761,75658.33,26.06
2936,Brazil,-14.235,-51.9253,Yams,1993,9147.1,1761,75658.33,24.65
2937,Brazil,-14.235,-51.9253,Yams,1993,9147.1,1761,75658.33,25.41
4511,Brazil,-14.235,-51.9253,Yams,2010,9533.2,1761,342580,22.12
4512,Brazil,-14.235,-51.9253,Yams,2010,9533.2,1761,342580,20.72
4513,Brazil,-14.235,-51.9253,Yams,2010,9533.2,1761,342580,18.18
4514,Brazil,-14.235,-51.9253,Yams,2010,9533.2,1761,342580,18.18
4515,Brazil,-14.235,-51.9253,Yams,2010,9533.2,1761,342580,28.18
4516,Brazil,-14.235,-51.9253,Yams,2010,9533.2,1761,342580,20.72
4517,Brazil,-14.235,-51.9253,Yams,2010,9533.2,1761,342580,27.56
4518,Brazil,-14.235,-51.9253,Yams,2010,9533.2,1761,342580,19.01
4519,Brazil,-14.235,-51.9253,Yams,2010,9533.2,1761,342580,26.3
4520,Brazil,-14.235,-51.9253,Yams,2010,9533.2,1761,342580,24.95
4521,Brazil,-14.235,-51.9253,Yams,2010,9533.2,1761,342580,25.78
3234,Brazil,-14.235,-51.9253,Yams,1996,9183.7,1761,101621.67,25.45
4808,Brazil,-14.235,-51.9253,Yams,2013,9607.8,1761,367778,21.59
4809,Brazil,-14.235,-51.9253,Yams,2013,9607.8,1761,367778,20.07
4810,Brazil,-14.235,-51.9253,Yams,2013,9607.8,1761,367778,17.57
4811,Brazil,-14.235,-51.9253,Yams,2013,9607.8,1761,367778,17.57
4812,Brazil,-14.235,-51.9253,Yams,2013,9607.8,1761,367778,27.71
4813,Brazil,-14.235,-51.9253,Yams,2013,9607.8,1761,367778,20.07
4814,Brazil,-14.235,-51.9253,Yams,2013,9607.8,1761,367778,27.11
4815,Brazil,-14.235,-51.9253,Yams,2013,9607.8,1761,367778,17.84
4816,Brazil,-14.235,-51.9253,Yams,2013,9607.8,1761,367778,26.4
4817,Brazil,-14.235,-51.9253,Yams,2013,9607.8,1761,367778,25.19
4818,Brazil,-14.235,-51.9253,Yams,2013,9607.8,1761,367778,26.14
3323,Brazil,-14.235,-51.9253,Yams,1997,9177.3,1761,110276.11,21.91
3324,Brazil,-14.235,-51.9253,Yams,1997,9177.3,1761,110276.11,20.77
3325,Brazil,-14.235,-51.9253,Yams,1997,9177.3,1761,110276.11,18.36
3326,Brazil,-14.235,-51.9253,Yams,1997,9177.3,1761,110276.11,18.36
3327,Brazil,-14.235,-51.9253,Yams,1997,9177.3,1761,110276.11,27.85
3328,Brazil,-14.235,-51.9253,Yams,1997,9177.3,1761,110276.11,20.77
3329,Brazil,-14.235,-51.9253,Yams,1997,9177.3,1761,110276.11,27.57
3330,Brazil,-14.235,-51.9253,Yams,1997,9177.3,1761,110276.11,19.12
3331,Brazil,-14.235,-51.9253,Yams,1997,9177.3,1761,110276.11,25.96
3332,Brazil,-14.235,-51.9253,Yams,1997,9177.3,1761,110276.11,24.71
3333,Brazil,-14.235,-51.9253,Yams,1997,9177.3,1761,110276.11,25.2
3422,Brazil,-14.235,-51.9253,Yams,1998,9182.3,1761,118930.56,22.35
3423,Brazil,-14.235,-51.9253,Yams,1998,9182.3,1761,118930.56,20.71
3424,Brazil,-14.235,-51.9253,Yams,1998,9182.3,1761,118930.56,18.2
3425,Brazil,-14.235,-51.9253,Yams,1998,9182.3,1761,118930.56,18.2
3426,Brazil,-14.235,-51.9253,Yams,1998,9182.3,1761,118930.56,28.76
3427,Brazil,-14.235,-51.9253,Yams,1998,9182.3,1761,118930.56,20.71
3428,Brazil,-14.235,-51.9253,Yams,1998,9182.3,1761,118930.56,27.54
3429,Brazil,-14.235,-51.9253,Yams,1998,9182.3,1761,118930.56,18.49
3430,Brazil,-14.235,-51.9253,Yams,1998,9182.3,1761,118930.56,26.63
3431,Brazil,-14.235,-51.9253,Yams,1998,9182.3,1761,118930.56,24.78
3432,Brazil,-14.235,-51.9253,Yams,1998,9182.3,1761,118930.56,26.08
4214,Brazil,-14.235,-51.9253,Yams,2007,9259.3,1761,304031,22.19
4215,Brazil,-14.235,-51.9253,Yams,2007,9259.3,1761,304031,20.93
4216,Brazil,-14.235,-51.9253,Yams,2007,9259.3,1761,304031,18.66
4217,Brazil,-14.235,-51.9253,Yams,2007,9259.3,1761,304031,18.66
4218,Brazil,-14.235,-51.9253,Yams,2007,9259.3,1761,304031,27.92
4219,Brazil,-14.235,-51.9253,Yams,2007,9259.3,1761,304031,20.93
4220,Brazil,-14.235,-51.9253,Yams,2007,9259.3,1761,304031,27.32
4221,Brazil,-14.235,-51.9253,Yams,2007,9259.3,1761,304031,19.05
4222,Brazil,-14.235,-51.9253,Yams,2007,9259.3,1761,304031,25.95
4223,Brazil,-14.235,-51.9253,Yams,2007,9259.3,1761,304031,24.78
4224,Brazil,-14.235,-51.9253,Yams,2007,9259.3,1761,304031,25.44
3719,Brazil,-14.235,-51.9253,Yams,2001,9038.5,1761,151523,22.14
3720,Brazil,-14.235,-51.9253,Yams,2001,9038.5,1761,151523,20.96
3721,Brazil,-14.235,-51.9253,Yams,2001,9038.5,1761,151523,18.67
3722,Brazil,-14.235,-51.9253,Yams,2001,9038.5,1761,151523,18.67
3723,Brazil,-14.235,-51.9253,Yams,2001,9038.5,1761,151523,27.69
3724,Brazil,-14.235,-51.9253,Yams,2001,9038.5,1761,151523,20.96
3725,Brazil,-14.235,-51.9253,Yams,2001,9038.5,1761,151523,27.08
3726,Brazil,-14.235,-51.9253,Yams,2001,9038.5,1761,151523,19.73
3727,Brazil,-14.235,-51.9253,Yams,2001,9038.5,1761,151523,26.08
3728,Brazil,-14.235,-51.9253,Yams,2001,9038.5,1761,151523,24.99
2630,Brazil,-14.235,-51.9253,Yams,1990,9148.9,1761,49695,21.88
2631,Brazil,-14.235,-51.9253,Yams,1990,9148.9,1761,49695,20.29
2632,Brazil,-14.235,-51.9253,Yams,1990,9148.9,1761,49695,17.77
2633,Brazil,-14.235,-51.9253,Yams,1990,9148.9,1761,49695,17.77
2634,Brazil,-14.235,-51.9253,Yams,1990,9148.9,1761,49695,27.65
2635,Brazil,-14.235,-51.9253,Yams,1990,9148.9,1761,49695,20.29
2636,Brazil,-14.235,-51.9253,Yams,1990,9148.9,1761,49695,27.07
2637,Brazil,-14.235,-51.9253,Yams,1990,9148.9,1761,49695,18.47
2638,Brazil,-14.235,-51.9253,Yams,1990,9148.9,1761,49695,25.76
2639,Brazil,-14.235,-51.9253,Yams,1990,9148.9,1761,49695,24.64
2640,Brazil,-14.235,-51.9253,Yams,1990,9148.9,1761,49695,25.29
4610,Brazil,-14.235,-51.9253,Yams,2011,9641.4,1761,345026,21.74
4611,Brazil,-14.235,-51.9253,Yams,2011,9641.4,1761,345026,20.33
4612,Brazil,-14.235,-51.9253,Yams,2011,9641.4,1761,345026,18.01
4613,Brazil,-14.235,-51.9253,Yams,2011,9641.4,1761,345026,18.01
4614,Brazil,-14.235,-51.9253,Yams,2011,9641.4,1761,345026,27.36
4615,Brazil,-14.235,-51.9253,Yams,2011,9641.4,1761,345026,20.33
4616,Brazil,-14.235,-51.9253,Yams,2011,9641.4,1761,345026,27.29
4415,Brazil,-14.235,-51.9253,Yams,2009,9459.9,1761,335742,18.38
4416,Brazil,-14.235,-51.9253,Yams,2009,9459.9,1761,335742,27.39
4417,Brazil,-14.235,-51.9253,Yams,2009,9459.9,1761,335742,20.78
4418,Brazil,-14.235,-51.9253,Yams,2009,9459.9,1761,335742,27.39
4419,Brazil,-14.235,-51.9253,Yams,2009,9459.9,1761,335742,18.84
4420,Brazil,-14.235,-51.9253,Yams,2009,9459.9,1761,335742,26.3
4421,Brazil,-14.235,-51.9253,Yams,2009,9459.9,1761,335742,24.98
4422,Brazil,-14.235,-51.9253,Yams,2009,9459.9,1761,335742,26
4711,Brazil,-14.235,-51.9253,Yams,2012,9761.9,1761,346583,18.8
4712,Brazil,-14.235,-51.9253,Yams,2012,9761.9,1761,346583,18.8
4713,Brazil,-14.235,-51.9253,Yams,2012,9761.9,1761,346583,28.21
4714,Brazil,-14.235,-51.9253,Yams,2012,9761.9,1761,346583,21.02
4715,Brazil,-14.235,-51.9253,Yams,2012,9761.9,1761,346583,27.34
4716,Brazil,-14.235,-51.9253,Yams,2012,9761.9,1761,346583,19.72
4717,Brazil,-14.235,-51.9253,Yams,2012,9761.9,1761,346583,26.13
4718,Brazil,-14.235,-51.9253,Yams,2012,9761.9,1761,346583,24.84
4719,Brazil,-14.235,-51.9253,Yams,2012,9761.9,1761,346583,25.65
3818,Brazil,-14.235,-51.9253,Yams,2002,9200,1761,145552,22.5
3819,Brazil,-14.235,-51.9253,Yams,2002,9200,1761,145552,21.3
3820,Brazil,-14.235,-51.9253,Yams,2002,9200,1761,145552,19.09
3821,Brazil,-14.235,-51.9253,Yams,2002,9200,1761,145552,19.09
3822,Brazil,-14.235,-51.9253,Yams,2002,9200,1761,145552,27.85
3823,Brazil,-14.235,-51.9253,Yams,2002,9200,1761,145552,21.3
3824,Brazil,-14.235,-51.9253,Yams,2002,9200,1761,145552,27.27
3825,Brazil,-14.235,-51.9253,Yams,2002,9200,1761,145552,19.49
3826,Brazil,-14.235,-51.9253,Yams,2002,9200,1761,145552,26.01
3827,Brazil,-14.235,-51.9253,Yams,2002,9200,1761,145552,25.18
3828,Brazil,-14.235,-51.9253,Yams,2002,9200,1761,145552,25.56
3026,Brazil,-14.235,-51.9253,Yams,1994,9166.7,1761,84312.78,21.91
3027,Brazil,-14.235,-51.9253,Yams,1994,9166.7,1761,84312.78,20.77
3028,Brazil,-14.235,-51.9253,Yams,1994,9166.7,1761,84312.78,18.42
3029,Brazil,-14.235,-51.9253,Yams,1994,9166.7,1761,84312.78,18.42
3030,Brazil,-14.235,-51.9253,Yams,1994,9166.7,1761,84312.78,27.53
3031,Brazil,-14.235,-51.9253,Yams,1994,9166.7,1761,84312.78,20.77
3032,Brazil,-14.235,-51.9253,Yams,1994,9166.7,1761,84312.78,26.9
3033,Brazil,-14.235,-51.9253,Yams,1994,9166.7,1761,84312.78,19.15
3620,Brazil,-14.235,-51.9253,Yams,2000,9152.2,1761,140423,21.69
3621,Brazil,-14.235,-51.9253,Yams,2000,9152.2,1761,140423,20.32
3622,Brazil,-14.235,-51.9253,Yams,2000,9152.2,1761,140423,18.01
3623,Brazil,-14.235,-51.9253,Yams,2000,9152.2,1761,140423,18.01
3624,Brazil,-14.235,-51.9253,Yams,2000,9152.2,1761,140423,27.5
3625,Brazil,-14.235,-51.9253,Yams,2000,9152.2,1761,140423,20.32
3626,Brazil,-14.235,-51.9253,Yams,2000,9152.2,1761,140423,26.82
3627,Brazil,-14.235,-51.9253,Yams,2000,9152.2,1761,140423,18.65
3628,Brazil,-14.235,-51.9253,Yams,2000,9152.2,1761,140423,25.71
3629,Brazil,-14.235,-51.9253,Yams,2000,9152.2,1761,140423,24.36
3630,Brazil,-14.235,-51.9253,Yams,2000,9152.2,1761,140423,25.35
3923,Brazil,-14.235,-51.9253,Yams,2004,9234.5,1761,214725,27.24
3924,Brazil,-14.235,-51.9253,Yams,2004,9234.5,1761,214725,18.75
3925,Brazil,-14.235,-51.9253,Yams,2004,9234.5,1761,214725,25.94
3926,Brazil,-14.235,-51.9253,Yams,2004,9234.5,1761,214725,24.24
3927,Brazil,-14.235,-51.9253,Yams,2004,9234.5,1761,214725,25.37
3729,Brazil,-14.235,-51.9253,Yams,2001,9038.5,1761,151523,25.59
3224,Brazil,-14.235,-51.9253,Yams,1996,9183.7,1761,101621.67,21.56
3225,Brazil,-14.235,-51.9253,Yams,1996,9183.7,1761,101621.67,20.18
3226,Brazil,-14.235,-51.9253,Yams,1996,9183.7,1761,101621.67,17.83
3227,Brazil,-14.235,-51.9253,Yams,1996,9183.7,1761,101621.67,17.83
3228,Brazil,-14.235,-51.9253,Yams,1996,9183.7,1761,101621.67,27.6
3229,Brazil,-14.235,-51.9253,Yams,1996,9183.7,1761,101621.67,20.18
3230,Brazil,-14.235,-51.9253,Yams,1996,9183.7,1761,101621.67,27.07
3231,Brazil,-14.235,-51.9253,Yams,1996,9183.7,1761,101621.67,18.63
3232,Brazil,-14.235,-51.9253,Yams,1996,9183.7,1761,101621.67,25.94
3233,Brazil,-14.235,-51.9253,Yams,1996,9183.7,1761,101621.67,24.28
4115,Brazil,-14.235,-51.9253,Yams,2006,9230.8,1761,238716,21.82
4116,Brazil,-14.235,-51.9253,Yams,2006,9230.8,1761,238716,20.6
4117,Brazil,-14.235,-51.9253,Yams,2006,9230.8,1761,238716,18.47
4118,Brazil,-14.235,-51.9253,Yams,2006,9230.8,1761,238716,18.47
4119,Brazil,-14.235,-51.9253,Yams,2006,9230.8,1761,238716,27.76
4120,Brazil,-14.235,-51.9253,Yams,2006,9230.8,1761,238716,20.6
4121,Brazil,-14.235,-51.9253,Yams,2006,9230.8,1761,238716,27.34
4122,Brazil,-14.235,-51.9253,Yams,2006,9230.8,1761,238716,19.35
4123,Brazil,-14.235,-51.9253,Yams,2006,9230.8,1761,238716,26.26
4124,Brazil,-14.235,-51.9253,Yams,2006,9230.8,1761,238716,24.57
4125,Brazil,-14.235,-51.9253,Yams,2006,9230.8,1761,238716,25.41
3527,Brazil,-14.235,-51.9253,Yams,1999,9200,1761,127585,26.66
4412,Brazil,-14.235,-51.9253,Yams,2009,9459.9,1761,335742,22.25
4413,Brazil,-14.235,-51.9253,Yams,2009,9459.9,1761,335742,20.78
4414,Brazil,-14.235,-51.9253,Yams,2009,9459.9,1761,335742,18.38
3523,Brazil,-14.235,-51.9253,Yams,1999,9200,1761,127585,17.66
3524,Brazil,-14.235,-51.9253,Yams,1999,9200,1761,127585,17.66
3525,Brazil,-14.235,-51.9253,Yams,1999,9200,1761,127585,27.64
3526,Brazil,-14.235,-51.9253,Yams,1999,9200,1761,127585,20.04
3528,Brazil,-14.235,-51.9253,Yams,1999,9200,1761,127585,18.39
3521,Brazil,-14.235,-51.9253,Yams,1999,9200,1761,127585,21.59
3522,Brazil,-14.235,-51.9253,Yams,1999,9200,1761,127585,20.04
3529,Brazil,-14.235,-51.9253,Yams,1999,9200,1761,127585,25.88
3530,Brazil,-14.235,-51.9253,Yams,1999,9200,1761,127585,24.01
3531,Brazil,-14.235,-51.9253,Yams,1999,9200,1761,127585,25.32
3919,Brazil,-14.235,-51.9253,Yams,2004,9234.5,1761,214725,17.88
3920,Brazil,-14.235,-51.9253,Yams,2004,9234.5,1761,214725,17.88
4315,Brazil,-14.235,-51.9253,Yams,2008,9375.3,1761,312637,17.88
4316,Brazil,-14.235,-51.9253,Yams,2008,9375.3,1761,312637,17.88
4323,Brazil,-14.235,-51.9253,Yams,2008,9375.3,1761,312637,25.54
3917,Brazil,-14.235,-51.9253,Yams,2004,9234.5,1761,214725,21.59
3918,Brazil,-14.235,-51.9253,Yams,2004,9234.5,1761,214725,20.05
3921,Brazil,-14.235,-51.9253,Yams,2004,9234.5,1761,214725,27.72
3922,Brazil,-14.235,-51.9253,Yams,2004,9234.5,1761,214725,20.05
4321,Brazil,-14.235,-51.9253,Yams,2008,9375.3,1761,312637,25.96
4322,Brazil,-14.235,-51.9253,Yams,2008,9375.3,1761,312637,24.26
4313,Brazil,-14.235,-51.9253,Yams,2008,9375.3,1761,312637,21.86
4314,Brazil,-14.235,-51.9253,Yams,2008,9375.3,1761,312637,20.22
4317,Brazil,-14.235,-51.9253,Yams,2008,9375.3,1761,312637,27.54
4320,Brazil,-14.235,-51.9253,Yams,2008,9375.3,1761,312637,18.8
4026,Brazil,-14.235,-51.9253,Yams,2005,9246.2,1761,232232,25.7
4318,Brazil,-14.235,-51.9253,Yams,2008,9375.3,1761,312637,20.22
4018,Brazil,-14.235,-51.9253,Yams,2005,9246.2,1761,232232,18.53
4020,Brazil,-14.235,-51.9253,Yams,2005,9246.2,1761,232232,28.17
4017,Brazil,-14.235,-51.9253,Yams,2005,9246.2,1761,232232,20.78
4019,Brazil,-14.235,-51.9253,Yams,2005,9246.2,1761,232232,18.53
4021,Brazil,-14.235,-51.9253,Yams,2005,9246.2,1761,232232,20.78
4016,Brazil,-14.235,-51.9253,Yams,2005,9246.2,1761,232232,22.05
4319,Brazil,-14.235,-51.9253,Yams,2008,9375.3,1761,312637,26.94
4022,Brazil,-14.235,-51.9253,Yams,2005,9246.2,1761,232232,27.6
4023,Brazil,-14.235,-51.9253,Yams,2005,9246.2,1761,232232,19.42
4025,Brazil,-14.235,-51.9253,Yams,2005,9246.2,1761,232232,24.79
4024,Brazil,-14.235,-51.9253,Yams,2005,9246.2,1761,232232,26.27
4980,Burkina Faso,12.2383,-1.5616,Yams,1992,1147.5,748,29.1,28.06
5004,Burkina Faso,12.2383,-1.5616,Yams,1995,6921.2,748,3.04,28.46
4996,Burkina Faso,12.2383,-1.5616,Yams,1994,5304.3,748,6,28
5036,Burkina Faso,12.2383,-1.5616,Yams,1999,6535,748,93.43,28.45
5012,Burkina Faso,12.2383,-1.5616,Yams,1996,7379.9,748,39.16,28.74
5092,Burkina Faso,12.2383,-1.5616,Yams,2007,6520,748,292.05,28.96
5116,Burkina Faso,12.2383,-1.5616,Yams,2010,6651.8,748,442.89,29.17
5124,Burkina Faso,12.2383,-1.5616,Yams,2011,7482.7,748,843,29.03
5060,Burkina Faso,12.2383,-1.5616,Yams,2002,8337.3,748,39.47,28.97
5084,Burkina Faso,12.2383,-1.5616,Yams,2006,8548.2,748,109.24,28.92
4972,Burkina Faso,12.2383,-1.5616,Yams,1991,6083.3,748,29.1,28.4
5020,Burkina Faso,12.2383,-1.5616,Yams,1997,6916.9,748,75.29,28.52
5044,Burkina Faso,12.2383,-1.5616,Yams,2000,8292.8,748,75.44,28.6
4964,Burkina Faso,12.2383,-1.5616,Yams,1990,6625,748,29.1,28.77
5052,Burkina Faso,12.2383,-1.5616,Yams,2001,6948.1,748,57.46,28.77
5108,Burkina Faso,12.2383,-1.5616,Yams,2009,9418.6,748,132.3,29.05
5140,Burkina Faso,12.2383,-1.5616,Yams,2013,5859.4,748,843,29.41
5068,Burkina Faso,12.2383,-1.5616,Yams,2004,7420.8,748,1.28,28.9
5076,Burkina Faso,12.2383,-1.5616,Yams,2005,7530.6,748,92.21,29.18
4988,Burkina Faso,12.2383,-1.5616,Yams,1993,5960.3,748,17,28.58
5028,Burkina Faso,12.2383,-1.5616,Yams,1998,6692.9,748,111.41,28.95
5132,Burkina Faso,12.2383,-1.5616,Yams,2012,9078.5,748,843,28.67
5100,Burkina Faso,12.2383,-1.5616,Yams,2008,7189.5,748,190.92,28.4
5293,Burundi,-3.3731,29.9189,Yams,2007,5710.3,1274,412.66,21.28
5167,Burundi,-3.3731,29.9189,Yams,1992,5547.9,1274,92.08,21.31
5347,Burundi,-3.3731,29.9189,Yams,2013,7927.9,1274,956.06,21.53
5329,Burundi,-3.3731,29.9189,Yams,2011,6898.9,1274,75.64,21.23
5230,Burundi,-3.3731,29.9189,Yams,1999,5800.9,1274,150.24,21.01
5158,Burundi,-3.3731,29.9189,Yams,1991,5571.4,1274,92.08,20.97
5194,Burundi,-3.3731,29.9189,Yams,1995,5595.5,1274,144.2,21.55
5149,Burundi,-3.3731,29.9189,Yams,1990,5757.6,1274,92.08,21.15
5203,Burundi,-3.3731,29.9189,Yams,1996,5626.4,1274,207.1,21.18
5185,Burundi,-3.3731,29.9189,Yams,1994,5573.4,1274,84.45,21.25
5320,Burundi,-3.3731,29.9189,Yams,2010,6407.9,1274,264.53,21.75
5221,Burundi,-3.3731,29.9189,Yams,1998,5666.8,1274,107.29,21.56
5302,Burundi,-3.3731,29.9189,Yams,2008,5786.9,1274,456.44,21.29
5311,Burundi,-3.3731,29.9189,Yams,2009,5500,1274,177.75,21.42
5275,Burundi,-3.3731,29.9189,Yams,2005,5283.6,1274,304.83,22.29
5176,Burundi,-3.3731,29.9189,Yams,1993,5554.7,1274,96.99,21.17
5257,Burundi,-3.3731,29.9189,Yams,2002,5837.6,1274,98.1,21.45
5212,Burundi,-3.3731,29.9189,Yams,1997,5622.6,1274,117.56,21.51
5338,Burundi,-3.3731,29.9189,Yams,2012,9025.8,1274,98.59,21.44
5248,Burundi,-3.3731,29.9189,Yams,2001,5837.6,1274,72.56,21.24
5284,Burundi,-3.3731,29.9189,Yams,2006,5661.5,1274,190.51,21.83
5239,Burundi,-3.3731,29.9189,Yams,2000,6017.5,1274,109.87,21.32
5266,Burundi,-3.3731,29.9189,Yams,2004,5506.7,1274,508.26,21.71
5377,Cameroon,7.3697,12.3547,Yams,1992,5523.8,1604,1137.56,24.6
5557,Cameroon,7.3697,12.3547,Yams,2011,10135.4,1604,1372.47,25.25
5407,Cameroon,7.3697,12.3547,Yams,1995,7162.5,1604,48.35,25.21
5367,Cameroon,7.3697,12.3547,Yams,1991,5000,1604,99.09,24.99
5577,Cameroon,7.3697,12.3547,Yams,2013,10384.4,1604,1372.47,25.45
5357,Cameroon,7.3697,12.3547,Yams,1990,3931,1604,450.01,25.08
5517,Cameroon,7.3697,12.3547,Yams,2007,12100.2,1604,918.88,25.49
5437,Cameroon,7.3697,12.3547,Yams,1998,7936,1604,258.02,25.66
5497,Cameroon,7.3697,12.3547,Yams,2005,9781.4,1604,829.59,25.36
5547,Cameroon,7.3697,12.3547,Yams,2010,11159,1604,1160.63,25.7
5487,Cameroon,7.3697,12.3547,Yams,2004,7675.2,1604,849.48,25.42
5537,Cameroon,7.3697,12.3547,Yams,2009,12120.5,1604,813.77,25.54
5427,Cameroon,7.3697,12.3547,Yams,1997,7894.7,1604,630.12,24.98
5567,Cameroon,7.3697,12.3547,Yams,2012,11264.3,1604,1372.47,25.18
5397,Cameroon,7.3697,12.3547,Yams,1994,7058.8,1604,411.42,24.93
5527,Cameroon,7.3697,12.3547,Yams,2008,12100,1604,882.13,25.42
5417,Cameroon,7.3697,12.3547,Yams,1996,7500,1604,180.08,25
5507,Cameroon,7.3697,12.3547,Yams,2006,10074.7,1604,950.22,25.39
5447,Cameroon,7.3697,12.3547,Yams,1999,9320.9,1604,653,24.97
5387,Cameroon,7.3697,12.3547,Yams,1993,6000,1604,774.49,24.9
5477,Cameroon,7.3697,12.3547,Yams,2002,7664.3,1604,815.79,25.26
5467,Cameroon,7.3697,12.3547,Yams,2001,9434.5,1604,687,25.01
5457,Cameroon,7.3697,12.3547,Yams,2000,9366.2,1604,545,24.88
6136,Central African Republic,6.6111,20.9394,Yams,1990,6571.4,1342,0.04,25.42
6248,Central African Republic,6.6111,20.9394,Yams,2007,7165,1342,22.87,25.88
6192,Central African Republic,6.6111,20.9394,Yams,1998,6715.1,1342,22.87,25.96
6220,Central African Republic,6.6111,20.9394,Yams,2002,6730.8,1342,22.87,25.44
6213,Central African Republic,6.6111,20.9394,Yams,2001,6758.5,1342,22.87,25.28
6199,Central African Republic,6.6111,20.9394,Yams,1999,6792.5,1342,22.87,25.05
6206,Central African Republic,6.6111,20.9394,Yams,2000,6785.7,1342,22.87,25.4
6255,Central African Republic,6.6111,20.9394,Yams,2008,7383.1,1342,22.87,25.76
6276,Central African Republic,6.6111,20.9394,Yams,2011,7832.6,1342,22.87,25.23
6234,Central African Republic,6.6111,20.9394,Yams,2005,6869.3,1342,22.87,25.92
6157,Central African Republic,6.6111,20.9394,Yams,1993,6705.8,1342,0.25,25.14
6185,Central African Republic,6.6111,20.9394,Yams,1997,6666.7,1342,22.87,25.69
6290,Central African Republic,6.6111,20.9394,Yams,2013,7833.3,1342,22.87,25.69
6283,Central African Republic,6.6111,20.9394,Yams,2012,7931,1342,22.87,25.28
6227,Central African Republic,6.6111,20.9394,Yams,2004,6730.8,1342,22.87,25.67
6150,Central African Republic,6.6111,20.9394,Yams,1992,6842.1,1342,0.04,24.81
6269,Central African Republic,6.6111,20.9394,Yams,2010,7909.1,1342,22.87,26.06
6164,Central African Republic,6.6111,20.9394,Yams,1994,6666.7,1342,2.16,25.39
6171,Central African Republic,6.6111,20.9394,Yams,1995,6666.7,1342,22.87,25.5
6262,Central African Republic,6.6111,20.9394,Yams,2009,7584.4,1342,22.87,26.17
6143,Central African Republic,6.6111,20.9394,Yams,1991,6658.2,1342,0.04,25.45
6178,Central African Republic,6.6111,20.9394,Yams,1996,6603.8,1342,22.87,25.32
6241,Central African Republic,6.6111,20.9394,Yams,2006,6851.9,1342,22.87,25.85
6664,Colombia,4.5709,-74.2973,Yams,1997,10339.9,3240,16005,22.9
6897,Colombia,4.5709,-74.2973,Yams,2011,11124.6,3240,53797,27.18
6898,Colombia,4.5709,-74.2973,Yams,2011,11124.6,3240,53797,22.33
6663,Colombia,4.5709,-74.2973,Yams,1997,10339.9,3240,16005,27.54
6915,Colombia,4.5709,-74.2973,Yams,2012,10975.9,3240,48727.73,27.56
6699,Colombia,4.5709,-74.2973,Yams,1999,10284.3,3240,66088,26.77
6879,Colombia,4.5709,-74.2973,Yams,2010,10887.1,3240,48618.46,27.54
6880,Colombia,4.5709,-74.2973,Yams,2010,10887.1,3240,48618.46,22.68
6718,Colombia,4.5709,-74.2973,Yams,2000,11061.6,3240,75843,22.01
6717,Colombia,4.5709,-74.2973,Yams,2000,11061.6,3240,75843,26.98
6681,Colombia,4.5709,-74.2973,Yams,1998,10783.2,3240,60687,27.67
6700,Colombia,4.5709,-74.2973,Yams,1999,10284.3,3240,66088,21.83
6825,Colombia,4.5709,-74.2973,Yams,2007,10403.8,3240,82439.06,27.45
6826,Colombia,4.5709,-74.2973,Yams,2007,10403.8,3240,82439.06,22.48
6682,Colombia,4.5709,-74.2973,Yams,1998,10783.2,3240,60687,23.07
6556,Colombia,4.5709,-74.2973,Yams,1991,8088.4,3240,16817,22.53
6844,Colombia,4.5709,-74.2973,Yams,2008,10487,3240,48538.97,22.07
6807,Colombia,4.5709,-74.2973,Yams,2006,10560,3240,98328.63,27.51
6808,Colombia,4.5709,-74.2973,Yams,2006,10560,3240,98328.63,22.6
6916,Colombia,4.5709,-74.2973,Yams,2012,10975.9,3240,48727.73,22.58
6555,Colombia,4.5709,-74.2973,Yams,1991,8088.4,3240,16817,27.3
6736,Colombia,4.5709,-74.2973,Yams,2001,11710.2,3240,85515.3,22.5
6843,Colombia,4.5709,-74.2973,Yams,2008,10487,3240,48538.97,27.16
6591,Colombia,4.5709,-74.2973,Yams,1993,12793.5,3240,14961.81,27.42
6735,Colombia,4.5709,-74.2973,Yams,2001,11710.2,3240,85515.3,27.28
6592,Colombia,4.5709,-74.2973,Yams,1993,12793.5,3240,14961.81,22.29
6934,Colombia,4.5709,-74.2973,Yams,2013,10999.2,3240,54563.38,22.85
6609,Colombia,4.5709,-74.2973,Yams,1994,10586,3240,17051.34,27.17
6610,Colombia,4.5709,-74.2973,Yams,1994,10586,3240,17051.34,22.33
6933,Colombia,4.5709,-74.2973,Yams,2013,10999.2,3240,54563.38,27.6
6537,Colombia,4.5709,-74.2973,Yams,1990,6228.7,3240,18058.29,27.22
6538,Colombia,4.5709,-74.2973,Yams,1990,6228.7,3240,18058.29,22.4
6753,Colombia,4.5709,-74.2973,Yams,2002,11368.2,3240,84023.26,27.77
6754,Colombia,4.5709,-74.2973,Yams,2002,11368.2,3240,84023.26,22.73
6862,Colombia,4.5709,-74.2973,Yams,2009,10603.7,3240,51435.13,22.87
6573,Colombia,4.5709,-74.2973,Yams,1992,11459.4,3240,15305.94,27.38
6574,Colombia,4.5709,-74.2973,Yams,1992,11459.4,3240,15305.94,22.67
6861,Colombia,4.5709,-74.2973,Yams,2009,10603.7,3240,51435.13,27.68
6771,Colombia,4.5709,-74.2973,Yams,2004,11705,3240,105514.19,27.3
6646,Colombia,4.5709,-74.2973,Yams,1996,10989.2,3240,18131,22.07
6627,Colombia,4.5709,-74.2973,Yams,1995,11619.8,3240,20156.23,27.3
6628,Colombia,4.5709,-74.2973,Yams,1995,11619.8,3240,20156.23,22.27
6645,Colombia,4.5709,-74.2973,Yams,1996,10989.2,3240,18131,27.12
6789,Colombia,4.5709,-74.2973,Yams,2005,11767.8,3240,117881.45,27.56
6772,Colombia,4.5709,-74.2973,Yams,2004,11705,3240,105514.19,22.63
6790,Colombia,4.5709,-74.2973,Yams,2005,11767.8,3240,117881.45,22.69
7425,Dominican Republic,18.7357,-70.1627,Yams,2011,6713.3,1410,6316.61,26.66
7232,Dominican Republic,18.7357,-70.1627,Yams,1998,6180.2,1410,4375,27.16
7233,Dominican Republic,18.7357,-70.1627,Yams,1998,6180.2,1410,4375,27.14
7121,Dominican Republic,18.7357,-70.1627,Yams,1991,7115.3,1410,4971,26.43
7424,Dominican Republic,18.7357,-70.1627,Yams,2011,6713.3,1410,6316.61,26.79
7360,Dominican Republic,18.7357,-70.1627,Yams,2007,6484.8,1410,5689.8,27.08
7120,Dominican Republic,18.7357,-70.1627,Yams,1991,7115.3,1410,4971,26.57
7440,Dominican Republic,18.7357,-70.1627,Yams,2012,6622.8,1410,6316.61,26.87
7281,Dominican Republic,18.7357,-70.1627,Yams,2001,6277.7,1410,7182,26.8
7376,Dominican Republic,18.7357,-70.1627,Yams,2008,6942.8,1410,5409.43,26.76
7377,Dominican Republic,18.7357,-70.1627,Yams,2008,6942.8,1410,5409.43,26.56
7280,Dominican Republic,18.7357,-70.1627,Yams,2001,6277.7,1410,7182,26.78
7184,Dominican Republic,18.7357,-70.1627,Yams,1995,5345,1410,3449,26.82
7185,Dominican Republic,18.7357,-70.1627,Yams,1995,5345,1410,3449,26.78
7217,Dominican Republic,18.7357,-70.1627,Yams,1997,5108.8,1410,3846,27.01
7441,Dominican Republic,18.7357,-70.1627,Yams,2012,6622.8,1410,6316.61,26.84
7248,Dominican Republic,18.7357,-70.1627,Yams,1999,5955.4,1410,5398,26.66
7345,Dominican Republic,18.7357,-70.1627,Yams,2006,6398.4,1410,4116.45,27.08
7216,Dominican Republic,18.7357,-70.1627,Yams,1997,5108.8,1410,3846,27.18
7104,Dominican Republic,18.7357,-70.1627,Yams,1990,5170.5,1410,4971,26.67
7105,Dominican Republic,18.7357,-70.1627,Yams,1990,5170.5,1410,4971,26.61
7249,Dominican Republic,18.7357,-70.1627,Yams,1999,5955.4,1410,5398,26.62
7361,Dominican Republic,18.7357,-70.1627,Yams,2007,6484.8,1410,5689.8,27.12
7344,Dominican Republic,18.7357,-70.1627,Yams,2006,6398.4,1410,4116.45,27.01
7201,Dominican Republic,18.7357,-70.1627,Yams,1996,5890.4,1410,3493,26.31
7137,Dominican Republic,18.7357,-70.1627,Yams,1992,5462.2,1410,4971,26.4
7152,Dominican Republic,18.7357,-70.1627,Yams,1993,5711.5,1410,4971,26.41
7153,Dominican Republic,18.7357,-70.1627,Yams,1993,5711.5,1410,4971,26.38
7200,Dominican Republic,18.7357,-70.1627,Yams,1996,5890.4,1410,3493,26.29
7264,Dominican Republic,18.7357,-70.1627,Yams,2000,6491.7,1410,5082,26.37
7265,Dominican Republic,18.7357,-70.1627,Yams,2000,6491.7,1410,5082,26.35
7136,Dominican Republic,18.7357,-70.1627,Yams,1992,5462.2,1410,4971,26.45
7408,Dominican Republic,18.7357,-70.1627,Yams,2010,6933.1,1410,6316.61,26.93
7409,Dominican Republic,18.7357,-70.1627,Yams,2010,6933.1,1410,6316.61,27.01
7392,Dominican Republic,18.7357,-70.1627,Yams,2009,7017.1,1410,5975.25,26.91
7393,Dominican Republic,18.7357,-70.1627,Yams,2009,7017.1,1410,5975.25,26.88
7456,Dominican Republic,18.7357,-70.1627,Yams,2013,6343.2,1410,6316.61,26.51
7457,Dominican Republic,18.7357,-70.1627,Yams,2013,6343.2,1410,6316.61,26.88
7328,Dominican Republic,18.7357,-70.1627,Yams,2005,5633.7,1410,3515.56,27.03
7329,Dominican Republic,18.7357,-70.1627,Yams,2005,5633.7,1410,3515.56,26.9
7296,Dominican Republic,18.7357,-70.1627,Yams,2002,6740,1410,4018.07,27.08
7168,Dominican Republic,18.7357,-70.1627,Yams,1994,4863.2,1410,4971,26.78
7169,Dominican Republic,18.7357,-70.1627,Yams,1994,4863.2,1410,4971,26.64
7313,Dominican Republic,18.7357,-70.1627,Yams,2004,6457.7,1410,3713.96,26.71
7312,Dominican Republic,18.7357,-70.1627,Yams,2004,6457.7,1410,3713.96,26.83
7297,Dominican Republic,18.7357,-70.1627,Yams,2002,6740,1410,4018.07,27.05
9301,Ghana,7.9465,-1.0232,Yams,2011,15590.6,1187,378.97,27.11
9308,Ghana,7.9465,-1.0232,Yams,2012,15571.7,1187,378.97,26.86
9166,Ghana,7.9465,-1.0232,Yams,1990,7345.1,1187,65.8,26.73
9280,Ghana,7.9465,-1.0232,Yams,2008,14083.1,1187,350.83,26.98
9238,Ghana,7.9465,-1.0232,Yams,2001,12341.4,1187,82,26.76
9178,Ghana,7.9465,-1.0232,Yams,1992,10403.4,1187,65.8,26.47
9273,Ghana,7.9465,-1.0232,Yams,2007,13523.3,1187,119.86,27.16
9210,Ghana,7.9465,-1.0232,Yams,1997,12849,1187,502,26.58
9245,Ghana,7.9465,-1.0232,Yams,2002,12999.6,1187,89.88,26.92
9266,Ghana,7.9465,-1.0232,Yams,2006,13193.8,1187,771.58,27.1
9172,Ghana,7.9465,-1.0232,Yams,1991,11579,1187,65.8,26.6
9184,Ghana,7.9465,-1.0232,Yams,1993,13160.6,1187,65.8,26.67
9224,Ghana,7.9465,-1.0232,Yams,1999,13387.1,1187,114.13,26.74
9196,Ghana,7.9465,-1.0232,Yams,1995,12071,1187,65.8,26.87
9203,Ghana,7.9465,-1.0232,Yams,1996,12779.3,1187,1575.5,26.61
9231,Ghana,7.9465,-1.0232,Yams,2000,12884.7,1187,81.63,26.83
9217,Ghana,7.9465,-1.0232,Yams,1998,12814.8,1187,297.78,27.28
9287,Ghana,7.9465,-1.0232,Yams,2009,15255.5,1187,378.97,27.14
9294,Ghana,7.9465,-1.0232,Yams,2010,15484.1,1187,378.97,27.57
9252,Ghana,7.9465,-1.0232,Yams,2004,12522,1187,134.25,27.02
9315,Ghana,7.9465,-1.0232,Yams,2013,16782,1187,378.97,27.24
9259,Ghana,7.9465,-1.0232,Yams,2005,10807.2,1187,166.16,27.06
9190,Ghana,7.9465,-1.0232,Yams,1994,11025.6,1187,65.8,26.62
9771,Guinea,9.9456,-9.6966,Yams,2002,12028.9,1651,278.77,27.53
9750,Guinea,9.9456,-9.6966,Yams,1999,11282.2,1651,205.71,27.12
9803,Guinea,9.9456,-9.6966,Yams,2007,11133,1651,400.55,27.28
9687,Guinea,9.9456,-9.6966,Yams,1990,10000,1651,80,27.08
9795,Guinea,9.9456,-9.6966,Yams,2006,11844.1,1651,376.19,27.2
9694,Guinea,9.9456,-9.6966,Yams,1991,10000,1651,80,27.22
9835,Guinea,9.9456,-9.6966,Yams,2011,11122.1,1651,663.23,27.51
9736,Guinea,9.9456,-9.6966,Yams,1997,11176.5,1651,157,27.3
9729,Guinea,9.9456,-9.6966,Yams,1996,11119.8,1651,157,27.33
9743,Guinea,9.9456,-9.6966,Yams,1998,11818,1651,181.35,27.63
9811,Guinea,9.9456,-9.6966,Yams,2008,9116.7,1651,424.9,27.61
9787,Guinea,9.9456,-9.6966,Yams,2005,11384.3,1651,351.84,27.66
9708,Guinea,9.9456,-9.6966,Yams,1993,10837.6,1651,21,27.25
9851,Guinea,9.9456,-9.6966,Yams,2013,11372.2,1651,877.19,27.29
9757,Guinea,9.9456,-9.6966,Yams,2000,11319.7,1651,230.06,27.12
9764,Guinea,9.9456,-9.6966,Yams,2001,11348.5,1651,254.42,27.36
9843,Guinea,9.9456,-9.6966,Yams,2012,11159.4,1651,770.21,27.28
9779,Guinea,9.9456,-9.6966,Yams,2004,11416.2,1651,327.49,27.56
9827,Guinea,9.9456,-9.6966,Yams,2010,10924,1651,556.24,27.8
9701,Guinea,9.9456,-9.6966,Yams,1992,9733.3,1651,80,27.02
9819,Guinea,9.9456,-9.6966,Yams,2009,13314.1,1651,449.26,27.37
9722,Guinea,9.9456,-9.6966,Yams,1995,11875,1651,153,27.23
9715,Guinea,9.9456,-9.6966,Yams,1994,12000,1651,39,27.03
9939,Guyana,4.8604,-58.9302,Yams,2007,9615.4,2387,246.5,27.3
9885,Guyana,4.8604,-58.9302,Yams,1997,9615.4,2387,289.9,27.25
9963,Guyana,4.8604,-58.9302,Yams,2011,5733.3,2387,400.76,27.43
9933,Guyana,4.8604,-58.9302,Yams,2006,9285.7,2387,343.12,27.49
9945,Guyana,4.8604,-58.9302,Yams,2008,12337.7,2387,234.27,27.31
9927,Guyana,4.8604,-58.9302,Yams,2005,9375,2387,270.78,27.71
9969,Guyana,4.8604,-58.9302,Yams,2012,5860,2387,427.73,27.42
9897,Guyana,4.8604,-58.9302,Yams,1999,9333.3,2387,289.9,27.16
9903,Guyana,4.8604,-58.9302,Yams,2000,9510,2387,289.9,27.05
9891,Guyana,4.8604,-58.9302,Yams,1998,8377.2,2387,289.9,27.71
9975,Guyana,4.8604,-58.9302,Yams,2013,5506.7,2387,358.72,27.3
9915,Guyana,4.8604,-58.9302,Yams,2002,9615.4,2387,289.9,27.17
9957,Guyana,4.8604,-58.9302,Yams,2010,12376,2387,211.83,27.87
9909,Guyana,4.8604,-58.9302,Yams,2001,9551.2,2387,289.9,27.27
9951,Guyana,4.8604,-58.9302,Yams,2009,12213.9,2387,264.47,27.67
9921,Guyana,4.8604,-58.9302,Yams,2004,9444.4,2387,289.9,27.45
10055,Haiti,18.9712,-72.2852,Yams,1999,5416.7,1440,26.32,27.01
10103,Haiti,18.9712,-72.2852,Yams,2006,5980.3,1440,27.85,27.41
10111,Haiti,18.9712,-72.2852,Yams,2007,5476.2,1440,27.85,27.47
10047,Haiti,18.9712,-72.2852,Yams,1998,5480.2,1440,23.78,27.57
10071,Haiti,18.9712,-72.2852,Yams,2001,5628.6,1440,27.85,27.21
10151,Haiti,18.9712,-72.2852,Yams,2012,7936.3,1440,27.85,27.2
9991,Haiti,18.9712,-72.2852,Yams,1991,5277.8,1440,18.86,27.01
10039,Haiti,18.9712,-72.2852,Yams,1997,5000,1440,16.35,27.74
10119,Haiti,18.9712,-72.2852,Yams,2008,5465.1,1440,27.85,27.08
10143,Haiti,18.9712,-72.2852,Yams,2011,7454,1440,27.85,27.1
10079,Haiti,18.9712,-72.2852,Yams,2002,5667.7,1440,27.85,27.42
10031,Haiti,18.9712,-72.2852,Yams,1996,5000,1440,14.44,26.85
10095,Haiti,18.9712,-72.2852,Yams,2005,5500,1440,27.85,27.35
10015,Haiti,18.9712,-72.2852,Yams,1994,5000,1440,8.58,27.28
10063,Haiti,18.9712,-72.2852,Yams,2000,5420.1,1440,27.85,26.76
10023,Haiti,18.9712,-72.2852,Yams,1995,5000,1440,12.32,27.3
9983,Haiti,18.9712,-72.2852,Yams,1990,5000,1440,17.14,27.11
10127,Haiti,18.9712,-72.2852,Yams,2009,6422,1440,27.85,27.35
10159,Haiti,18.9712,-72.2852,Yams,2013,11056,1440,27.85,27.2
9999,Haiti,18.9712,-72.2852,Yams,1992,5489.5,1440,11.52,26.81
10007,Haiti,18.9712,-72.2852,Yams,1993,5555.6,1440,6.96,26.78
10135,Haiti,18.9712,-72.2852,Yams,2010,6994.8,1440,27.85,27.19
10087,Haiti,18.9712,-72.2852,Yams,2004,5497.2,1440,27.85,27.37
16035,Jamaica,18.1096,-77.2975,Yams,1991,13372.4,2051,1415.65,27.24
16070,Jamaica,18.1096,-77.2975,Yams,1996,16903.8,2051,1573.58,26.98
16126,Jamaica,18.1096,-77.2975,Yams,2005,15092.8,2051,909.71,27.34
16182,Jamaica,18.1096,-77.2975,Yams,2013,16547.6,2051,909.71,27.41
16168,Jamaica,18.1096,-77.2975,Yams,2011,16174.5,2051,909.71,27.17
16063,Jamaica,18.1096,-77.2975,Yams,1995,16803.3,2051,1445.12,27.4
16084,Jamaica,18.1096,-77.2975,Yams,1998,15970.5,2051,909.71,27.8
16056,Jamaica,18.1096,-77.2975,Yams,1994,16083.1,2051,1415.65,27.48
16161,Jamaica,18.1096,-77.2975,Yams,2010,16810.2,2051,909.71,27.09
16098,Jamaica,18.1096,-77.2975,Yams,2000,15499.4,2051,909.71,26.96
16140,Jamaica,18.1096,-77.2975,Yams,2007,15635.7,2051,909.71,27.61
16077,Jamaica,18.1096,-77.2975,Yams,1997,15813.6,2051,909.71,27.8
16105,Jamaica,18.1096,-77.2975,Yams,2001,16467.1,2051,909.71,27.27
16091,Jamaica,18.1096,-77.2975,Yams,1999,16377,2051,909.71,27.12
16119,Jamaica,18.1096,-77.2975,Yams,2004,15901.8,2051,909.71,27.47
16133,Jamaica,18.1096,-77.2975,Yams,2006,16553.2,2051,909.71,27.58
16154,Jamaica,18.1096,-77.2975,Yams,2009,16720.3,2051,909.71,27.42
16042,Jamaica,18.1096,-77.2975,Yams,1992,15334.1,2051,1415.65,27.25
16112,Jamaica,18.1096,-77.2975,Yams,2002,16481.5,2051,909.71,27.51
16175,Jamaica,18.1096,-77.2975,Yams,2012,17104.2,2051,909.71,27.51
16049,Jamaica,18.1096,-77.2975,Yams,1993,16057.3,2051,1415.65,27.02
16147,Jamaica,18.1096,-77.2975,Yams,2008,15337.2,2051,909.71,27.17
16028,Jamaica,18.1096,-77.2975,Yams,1990,13074.9,2051,1415.65,27.28
16391,Japan,36.2048,138.2529,Yams,1994,20841,1668,79821.18,16.07
16392,Japan,36.2048,138.2529,Yams,1994,20841,1668,79821.18,13.78
16388,Japan,36.2048,138.2529,Yams,1994,20841,1668,79821.18,13.78
16387,Japan,36.2048,138.2529,Yams,1994,20841,1668,79821.18,16.33
16389,Japan,36.2048,138.2529,Yams,1994,20841,1668,79821.18,16.41
16390,Japan,36.2048,138.2529,Yams,1994,20841,1668,79821.18,16.06
17017,Japan,36.2048,138.2529,Yams,2010,22696.3,1668,55576,16.12
16432,Japan,36.2048,138.2529,Yams,1995,19770.4,1668,79821.18,14.83
16433,Japan,36.2048,138.2529,Yams,1995,19770.4,1668,79821.18,14.97
16434,Japan,36.2048,138.2529,Yams,1995,19770.4,1668,79821.18,12.98
16723,Japan,36.2048,138.2529,Yams,2002,20624.3,1668,70262.54,16.09
16724,Japan,36.2048,138.2529,Yams,2002,20624.3,1668,70262.54,13.42
16725,Japan,36.2048,138.2529,Yams,2002,20624.3,1668,70262.54,16
16726,Japan,36.2048,138.2529,Yams,2002,20624.3,1668,70262.54,15.71
16727,Japan,36.2048,138.2529,Yams,2002,20624.3,1668,70262.54,15.73
16728,Japan,36.2048,138.2529,Yams,2002,20624.3,1668,70262.54,13.42
16513,Japan,36.2048,138.2529,Yams,1997,20984,1668,79821.18,15.76
16514,Japan,36.2048,138.2529,Yams,1997,20984,1668,79821.18,13.43
16515,Japan,36.2048,138.2529,Yams,1997,20984,1668,79821.18,15.89
16516,Japan,36.2048,138.2529,Yams,1997,20984,1668,79821.18,15.37
16517,Japan,36.2048,138.2529,Yams,1997,20984,1668,79821.18,15.39
16518,Japan,36.2048,138.2529,Yams,1997,20984,1668,79821.18,13.43
16597,Japan,36.2048,138.2529,Yams,1999,21745.5,1668,79821.18,15.93
16598,Japan,36.2048,138.2529,Yams,1999,21745.5,1668,79821.18,13.78
16599,Japan,36.2048,138.2529,Yams,1999,21745.5,1668,79821.18,15.93
16600,Japan,36.2048,138.2529,Yams,1999,21745.5,1668,79821.18,15.66
16601,Japan,36.2048,138.2529,Yams,1999,21745.5,1668,79821.18,15.79
16602,Japan,36.2048,138.2529,Yams,1999,21745.5,1668,79821.18,13.78
16303,Japan,36.2048,138.2529,Yams,1992,18826.9,1668,79821.18,15.63
16304,Japan,36.2048,138.2529,Yams,1992,18826.9,1668,79821.18,12.94
16305,Japan,36.2048,138.2529,Yams,1992,18826.9,1668,79821.18,15.68
16306,Japan,36.2048,138.2529,Yams,1992,18826.9,1668,79821.18,15.21
16307,Japan,36.2048,138.2529,Yams,1992,18826.9,1668,79821.18,15.26
16308,Japan,36.2048,138.2529,Yams,1992,18826.9,1668,79821.18,12.94
16429,Japan,36.2048,138.2529,Yams,1995,19770.4,1668,79821.18,15.25
16430,Japan,36.2048,138.2529,Yams,1995,19770.4,1668,79821.18,12.98
16431,Japan,36.2048,138.2529,Yams,1995,19770.4,1668,79821.18,15.32
16557,Japan,36.2048,138.2529,Yams,1998,20078.6,1668,79821.18,16.74
16558,Japan,36.2048,138.2529,Yams,1998,20078.6,1668,79821.18,16.39
16559,Japan,36.2048,138.2529,Yams,1998,20078.6,1668,79821.18,16.45
16560,Japan,36.2048,138.2529,Yams,1998,20078.6,1668,79821.18,13.74
16891,Japan,36.2048,138.2529,Yams,2007,23078.8,1668,61164.07,16.53
16892,Japan,36.2048,138.2529,Yams,2007,23078.8,1668,61164.07,13.68
16893,Japan,36.2048,138.2529,Yams,2007,23078.8,1668,61164.07,16.55
16894,Japan,36.2048,138.2529,Yams,2007,23078.8,1668,61164.07,16.03
16895,Japan,36.2048,138.2529,Yams,2007,23078.8,1668,61164.07,15.94
16896,Japan,36.2048,138.2529,Yams,2007,23078.8,1668,61164.07,13.68
16345,Japan,36.2048,138.2529,Yams,1993,15799.8,1668,79821.18,14.93
16346,Japan,36.2048,138.2529,Yams,1993,15799.8,1668,79821.18,12.49
16347,Japan,36.2048,138.2529,Yams,1993,15799.8,1668,79821.18,14.99
16348,Japan,36.2048,138.2529,Yams,1993,15799.8,1668,79821.18,14.68
16349,Japan,36.2048,138.2529,Yams,1993,15799.8,1668,79821.18,14.72
16350,Japan,36.2048,138.2529,Yams,1993,15799.8,1668,79821.18,12.49
17018,Japan,36.2048,138.2529,Yams,2010,22696.3,1668,55576,13.82
17019,Japan,36.2048,138.2529,Yams,2010,22696.3,1668,55576,16.01
17020,Japan,36.2048,138.2529,Yams,2010,22696.3,1668,55576,15.8
17021,Japan,36.2048,138.2529,Yams,2010,22696.3,1668,55576,15.87
17022,Japan,36.2048,138.2529,Yams,2010,22696.3,1668,55576,13.82
16471,Japan,36.2048,138.2529,Yams,1996,19451.4,1668,79821.18,15.2
16472,Japan,36.2048,138.2529,Yams,1996,19451.4,1668,79821.18,12.61
16473,Japan,36.2048,138.2529,Yams,1996,19451.4,1668,79821.18,15.32
16474,Japan,36.2048,138.2529,Yams,1996,19451.4,1668,79821.18,14.79
16475,Japan,36.2048,138.2529,Yams,1996,19451.4,1668,79821.18,14.8
16476,Japan,36.2048,138.2529,Yams,1996,19451.4,1668,79821.18,12.61
16765,Japan,36.2048,138.2529,Yams,2004,22905.1,1668,64688.88,16.56
16766,Japan,36.2048,138.2529,Yams,2004,22905.1,1668,64688.88,14.05
16849,Japan,36.2048,138.2529,Yams,2006,22505.9,1668,65248.26,15.87
16850,Japan,36.2048,138.2529,Yams,2006,22505.9,1668,65248.26,13.28
16851,Japan,36.2048,138.2529,Yams,2006,22505.9,1668,65248.26,15.92
16852,Japan,36.2048,138.2529,Yams,2006,22505.9,1668,65248.26,15.43
16853,Japan,36.2048,138.2529,Yams,2006,22505.9,1668,65248.26,15.45
16854,Japan,36.2048,138.2529,Yams,2006,22505.9,1668,65248.26,13.28
17059,Japan,36.2048,138.2529,Yams,2011,22090.5,1668,51796.3,15.71
17060,Japan,36.2048,138.2529,Yams,2011,22090.5,1668,51796.3,13.32
17061,Japan,36.2048,138.2529,Yams,2011,22090.5,1668,51796.3,15.62
17062,Japan,36.2048,138.2529,Yams,2011,22090.5,1668,51796.3,15.38
17063,Japan,36.2048,138.2529,Yams,2011,22090.5,1668,51796.3,15.43
17064,Japan,36.2048,138.2529,Yams,2011,22090.5,1668,51796.3,13.32
16639,Japan,36.2048,138.2529,Yams,2000,22657.7,1668,79821.18,15.92
16640,Japan,36.2048,138.2529,Yams,2000,22657.7,1668,79821.18,13.5
16641,Japan,36.2048,138.2529,Yams,2000,22657.7,1668,79821.18,15.95
16642,Japan,36.2048,138.2529,Yams,2000,22657.7,1668,79821.18,15.58
16643,Japan,36.2048,138.2529,Yams,2000,22657.7,1668,79821.18,15.67
16644,Japan,36.2048,138.2529,Yams,2000,22657.7,1668,79821.18,13.5
17101,Japan,36.2048,138.2529,Yams,2012,22205.9,1668,54716.4,15.53
17102,Japan,36.2048,138.2529,Yams,2012,22205.9,1668,54716.4,13.11
17103,Japan,36.2048,138.2529,Yams,2012,22205.9,1668,54716.4,15.54
17104,Japan,36.2048,138.2529,Yams,2012,22205.9,1668,54716.4,15.14
17105,Japan,36.2048,138.2529,Yams,2012,22205.9,1668,54716.4,15.21
17106,Japan,36.2048,138.2529,Yams,2012,22205.9,1668,54716.4,13.11
16935,Japan,36.2048,138.2529,Yams,2008,22509.3,1668,58750,15.98
16936,Japan,36.2048,138.2529,Yams,2008,22509.3,1668,58750,15.55
16937,Japan,36.2048,138.2529,Yams,2008,22509.3,1668,58750,15.57
16938,Japan,36.2048,138.2529,Yams,2008,22509.3,1668,58750,13.31
16767,Japan,36.2048,138.2529,Yams,2004,22905.1,1668,64688.88,16.54
16768,Japan,36.2048,138.2529,Yams,2004,22905.1,1668,64688.88,16.19
16769,Japan,36.2048,138.2529,Yams,2004,22905.1,1668,64688.88,16.33
16770,Japan,36.2048,138.2529,Yams,2004,22905.1,1668,64688.88,14.05
16264,Japan,36.2048,138.2529,Yams,1991,19220.4,1668,79821.18,15.38
16221,Japan,36.2048,138.2529,Yams,1990,21080.8,1668,79821.18,16.46
16555,Japan,36.2048,138.2529,Yams,1998,20078.6,1668,79821.18,16.72
16556,Japan,36.2048,138.2529,Yams,1998,20078.6,1668,79821.18,13.74
17144,Japan,36.2048,138.2529,Yams,2013,21741.5,1668,52794.3,13.91
16219,Japan,36.2048,138.2529,Yams,1990,21080.8,1668,79821.18,16.4
16220,Japan,36.2048,138.2529,Yams,1990,21080.8,1668,79821.18,14.14
16933,Japan,36.2048,138.2529,Yams,2008,22509.3,1668,58750,15.96
16934,Japan,36.2048,138.2529,Yams,2008,22509.3,1668,58750,13.31
16686,Japan,36.2048,138.2529,Yams,2001,20798.2,1668,78735.45,13.13
17143,Japan,36.2048,138.2529,Yams,2013,21741.5,1668,52794.3,16.54
17145,Japan,36.2048,138.2529,Yams,2013,21741.5,1668,52794.3,16.3
16266,Japan,36.2048,138.2529,Yams,1991,19220.4,1668,79821.18,13.32
16980,Japan,36.2048,138.2529,Yams,2009,21151.9,1668,60970.8,13.55
16261,Japan,36.2048,138.2529,Yams,1991,19220.4,1668,79821.18,15.6
16262,Japan,36.2048,138.2529,Yams,1991,19220.4,1668,79821.18,13.32
16263,Japan,36.2048,138.2529,Yams,1991,19220.4,1668,79821.18,15.43
16265,Japan,36.2048,138.2529,Yams,1991,19220.4,1668,79821.18,15.49
16979,Japan,36.2048,138.2529,Yams,2009,21151.9,1668,60970.8,15.67
17146,Japan,36.2048,138.2529,Yams,2013,21741.5,1668,52794.3,16
17147,Japan,36.2048,138.2529,Yams,2013,21741.5,1668,52794.3,16.02
16683,Japan,36.2048,138.2529,Yams,2001,20798.2,1668,78735.45,15.97
16684,Japan,36.2048,138.2529,Yams,2001,20798.2,1668,78735.45,15.4
16685,Japan,36.2048,138.2529,Yams,2001,20798.2,1668,78735.45,15.47
16977,Japan,36.2048,138.2529,Yams,2009,21151.9,1668,60970.8,16.02
16682,Japan,36.2048,138.2529,Yams,2001,20798.2,1668,78735.45,13.13
16978,Japan,36.2048,138.2529,Yams,2009,21151.9,1668,60970.8,15.61
16681,Japan,36.2048,138.2529,Yams,2001,20798.2,1668,78735.45,15.86
16223,Japan,36.2048,138.2529,Yams,1990,21080.8,1668,79821.18,16.17
16975,Japan,36.2048,138.2529,Yams,2009,21151.9,1668,60970.8,15.93
16976,Japan,36.2048,138.2529,Yams,2009,21151.9,1668,60970.8,13.55
17148,Japan,36.2048,138.2529,Yams,2013,21741.5,1668,52794.3,13.91
16807,Japan,36.2048,138.2529,Yams,2005,23325.7,1668,63829.77,15.75
16222,Japan,36.2048,138.2529,Yams,1990,21080.8,1668,79821.18,16.12
16224,Japan,36.2048,138.2529,Yams,1990,21080.8,1668,79821.18,14.14
16810,Japan,36.2048,138.2529,Yams,2005,23325.7,1668,63829.77,15.36
16808,Japan,36.2048,138.2529,Yams,2005,23325.7,1668,63829.77,12.99
16812,Japan,36.2048,138.2529,Yams,2005,23325.7,1668,63829.77,12.99
16809,Japan,36.2048,138.2529,Yams,2005,23325.7,1668,63829.77,15.75
16811,Japan,36.2048,138.2529,Yams,2005,23325.7,1668,63829.77,15.36
17610,Kenya,-1.2921,36.8219,Yams,2011,9115.4,630,1578,16.9
17620,Kenya,-1.2921,36.8219,Yams,2012,11605.3,630,1578,16.84
17520,Kenya,-1.2921,36.8219,Yams,2001,7898,630,1578,16.1
17580,Kenya,-1.2921,36.8219,Yams,2008,7587.4,630,1578,16.66
17570,Kenya,-1.2921,36.8219,Yams,2007,7464.9,630,1578,16.6
17470,Kenya,-1.2921,36.8219,Yams,1996,5974.8,630,6344,16.44
17480,Kenya,-1.2921,36.8219,Yams,1997,5717.9,630,5172,16.77
17430,Kenya,-1.2921,36.8219,Yams,1992,7470.7,630,3469,16.34
17530,Kenya,-1.2921,36.8219,Yams,2002,5488.6,630,1578,16.61
17600,Kenya,-1.2921,36.8219,Yams,2010,6564.5,630,1578,16.82
17410,Kenya,-1.2921,36.8219,Yams,1990,8835.6,630,3469,15.94
17510,Kenya,-1.2921,36.8219,Yams,2000,5564.1,630,1998,16.73
17560,Kenya,-1.2921,36.8219,Yams,2006,9502.4,630,1578,16.92
17590,Kenya,-1.2921,36.8219,Yams,2009,4517,630,1578,17.3
17450,Kenya,-1.2921,36.8219,Yams,1994,7400,630,3469,16.58
17630,Kenya,-1.2921,36.8219,Yams,2013,13596.2,630,1578,16.91
17500,Kenya,-1.2921,36.8219,Yams,1999,9231.8,630,3056,16.7
17440,Kenya,-1.2921,36.8219,Yams,1993,6748.7,630,3469,16.36
17550,Kenya,-1.2921,36.8219,Yams,2005,8668.3,630,1578,17.28
17460,Kenya,-1.2921,36.8219,Yams,1995,6983.2,630,4607,16.52
17420,Kenya,-1.2921,36.8219,Yams,1991,8000,630,3469,16.26
17490,Kenya,-1.2921,36.8219,Yams,1998,4892.6,630,4114,16.53
17540,Kenya,-1.2921,36.8219,Yams,2004,8352.5,630,1578,16.92
18595,Mali,17.5707,-3.9962,Yams,1999,12235.6,282,19.82,27.26
18577,Mali,17.5707,-3.9962,Yams,1997,3500,282,24.28,27.38
18550,Mali,17.5707,-3.9962,Yams,1994,4210.4,282,30.96,27.05
18703,Mali,17.5707,-3.9962,Yams,2012,21179.4,282,1.52,27.39
18685,Mali,17.5707,-3.9962,Yams,2010,23485.7,282,3.84,28.18
18568,Mali,17.5707,-3.9962,Yams,1996,3714.3,282,26.51,27.64
18559,Mali,17.5707,-3.9962,Yams,1995,4000,282,28.73,27.25
18649,Mali,17.5707,-3.9962,Yams,2006,25000,282,11.87,27.62
18586,Mali,17.5707,-3.9962,Yams,1998,2837.6,282,22.05,28.08
18523,Mali,17.5707,-3.9962,Yams,1991,5045.5,282,54.63,27.58
18694,Mali,17.5707,-3.9962,Yams,2011,22334.4,282,3.25,27.79
18604,Mali,17.5707,-3.9962,Yams,2000,19507.6,282,17.59,27.51
18631,Mali,17.5707,-3.9962,Yams,2004,20571.2,282,8.67,28.07
18622,Mali,17.5707,-3.9962,Yams,2002,13213.2,282,13.13,28.18
18613,Mali,17.5707,-3.9962,Yams,2001,10082.2,282,15.36,27.79
18658,Mali,17.5707,-3.9962,Yams,2007,24994.1,282,7.72,27.94
18712,Mali,17.5707,-3.9962,Yams,2013,20630,282,1.52,28.53
18532,Mali,17.5707,-3.9962,Yams,1992,3710.8,282,35.42,27.2
18514,Mali,17.5707,-3.9962,Yams,1990,4509.1,282,95.7,27.61
18667,Mali,17.5707,-3.9962,Yams,2008,21298,282,9.99,27.62
18676,Mali,17.5707,-3.9962,Yams,2009,20308.2,282,4.12,27.89
18541,Mali,17.5707,-3.9962,Yams,1993,4302.3,282,33.19,27.55
18640,Mali,17.5707,-3.9962,Yams,2005,16591.7,282,14.84,28.13
18761,Mauritania,21.0079,-10.9408,Yams,1996,6304.5,92,39.09,27.93
18831,Mauritania,21.0079,-10.9408,Yams,2007,6269.8,92,9.8,27.88
18789,Mauritania,21.0079,-10.9408,Yams,2000,6268.5,92,39.09,27.66
18726,Mauritania,21.0079,-10.9408,Yams,1991,6531.5,92,39.09,27.38
18754,Mauritania,21.0079,-10.9408,Yams,1995,6307.6,92,39.09,27.7
18852,Mauritania,21.0079,-10.9408,Yams,2010,6270.6,92,67.59,28.7
18747,Mauritania,21.0079,-10.9408,Yams,1994,6250,92,39.09,27.24
18719,Mauritania,21.0079,-10.9408,Yams,1990,6392.7,92,39.09,27.67
18873,Mauritania,21.0079,-10.9408,Yams,2013,6122.4,92,26.41,28.24
18817,Mauritania,21.0079,-10.9408,Yams,2005,6273.2,92,1.1,28.14
18824,Mauritania,21.0079,-10.9408,Yams,2006,6222.2,92,1.7,27.82
18740,Mauritania,21.0079,-10.9408,Yams,1993,5675.7,92,39.09,27.37
18859,Mauritania,21.0079,-10.9408,Yams,2011,6270.3,92,13.35,27.87
18796,Mauritania,21.0079,-10.9408,Yams,2001,6266,92,39.09,28.28
18775,Mauritania,21.0079,-10.9408,Yams,1998,6274.2,92,39.09,28.52
18768,Mauritania,21.0079,-10.9408,Yams,1997,6250,92,39.09,28.28
18810,Mauritania,21.0079,-10.9408,Yams,2004,6276,92,702.5,27.81
18845,Mauritania,21.0079,-10.9408,Yams,2009,6270.5,92,4.29,27.57
18782,Mauritania,21.0079,-10.9408,Yams,1999,6271.2,92,39.09,27.23
18838,Mauritania,21.0079,-10.9408,Yams,2008,6270.3,92,17.22,28.14
18803,Mauritania,21.0079,-10.9408,Yams,2002,6263.6,92,3.2,27.84
18733,Mauritania,21.0079,-10.9408,Yams,1992,7000,92,39.09,27.52
18866,Mauritania,21.0079,-10.9408,Yams,2012,6383,92,26.41,27.77
21438,Nicaragua,12.8654,-85.2072,Yams,2006,13300.8,2280,6889.26,27.35
21374,Nicaragua,12.8654,-85.2072,Yams,1997,13280.6,2280,3207.4,27.43
21358,Nicaragua,12.8654,-85.2072,Yams,1995,13278.2,2280,876,27.2
21342,Nicaragua,12.8654,-85.2072,Yams,1993,13275.9,2280,977,27.05
21350,Nicaragua,12.8654,-85.2072,Yams,1994,13277.1,2280,799,27.26
21382,Nicaragua,12.8654,-85.2072,Yams,1998,13281.7,2280,4373.1,27.83
21414,Nicaragua,12.8654,-85.2072,Yams,2002,13286.3,2280,5715.36,27
21422,Nicaragua,12.8654,-85.2072,Yams,2004,13291.9,2280,4581.73,27.22
21486,Nicaragua,12.8654,-85.2072,Yams,2012,13333.3,2280,4413.82,26.91
21470,Nicaragua,12.8654,-85.2072,Yams,2010,13327.4,2280,12242.19,27.01
21366,Nicaragua,12.8654,-85.2072,Yams,1996,13279.4,2280,2041.7,26.76
21398,Nicaragua,12.8654,-85.2072,Yams,2000,13284,2280,3925.63,26.73
21478,Nicaragua,12.8654,-85.2072,Yams,2011,13333.3,2280,4932.05,26.94
21454,Nicaragua,12.8654,-85.2072,Yams,2008,13309.7,2280,10173.91,26.75
21406,Nicaragua,12.8654,-85.2072,Yams,2001,13285.2,2280,3603.5,26.78
21494,Nicaragua,12.8654,-85.2072,Yams,2013,13333.3,2280,4413.82,27.26
21430,Nicaragua,12.8654,-85.2072,Yams,2005,13296.4,2280,9391.92,27.2
21390,Nicaragua,12.8654,-85.2072,Yams,1999,13282.9,2280,4097.16,26.82
21446,Nicaragua,12.8654,-85.2072,Yams,2007,13305.3,2280,9850.26,27.23
21334,Nicaragua,12.8654,-85.2072,Yams,1992,13274.8,2280,575,27.16
21326,Nicaragua,12.8654,-85.2072,Yams,1991,13273.6,2280,575,27.04
21462,Nicaragua,12.8654,-85.2072,Yams,2009,13320.5,2280,9387.95,27.23
23276,Papua New Guinea,-6.3149,143.9555,Yams,2008,16526.3,3142,105,25.17
23206,Papua New Guinea,-6.3149,143.9555,Yams,1997,17509.5,3142,105,24.86
23269,Papua New Guinea,-6.3149,143.9555,Yams,2007,16756.8,3142,105,25.2
23185,Papua New Guinea,-6.3149,143.9555,Yams,1994,17479.7,3142,176,25.07
23262,Papua New Guinea,-6.3149,143.9555,Yams,2006,16500,3142,105,25.04
23283,Papua New Guinea,-6.3149,143.9555,Yams,2009,16512.8,3142,105,25.08
23297,Papua New Guinea,-6.3149,143.9555,Yams,2011,17435.9,3142,105,25.17
23227,Papua New Guinea,-6.3149,143.9555,Yams,2000,17500,3142,105,25.4
23304,Papua New Guinea,-6.3149,143.9555,Yams,2012,17250,3142,105,25.14
23311,Papua New Guinea,-6.3149,143.9555,Yams,2013,17500,3142,105,25.44
23157,Papua New Guinea,-6.3149,143.9555,Yams,1990,17355.4,3142,121,25.27
23192,Papua New Guinea,-6.3149,143.9555,Yams,1995,17493.3,3142,105,25.44
23290,Papua New Guinea,-6.3149,143.9555,Yams,2010,17105.3,3142,105,25.74
23199,Papua New Guinea,-6.3149,143.9555,Yams,1996,17500,3142,105,25.41
23248,Papua New Guinea,-6.3149,143.9555,Yams,2004,16843.3,3142,105,25.23
23171,Papua New Guinea,-6.3149,143.9555,Yams,1992,17845.5,3142,121,25.3
23234,Papua New Guinea,-6.3149,143.9555,Yams,2001,17333.3,3142,105,25.43
23241,Papua New Guinea,-6.3149,143.9555,Yams,2002,17500,3142,105,25.48
23164,Papua New Guinea,-6.3149,143.9555,Yams,1991,17623,3142,121,25.04
23220,Papua New Guinea,-6.3149,143.9555,Yams,1999,17518.7,3142,105,25.38
23213,Papua New Guinea,-6.3149,143.9555,Yams,1998,17538.5,3142,105,26.05
23255,Papua New Guinea,-6.3149,143.9555,Yams,2005,16571.4,3142,105,25.51
23178,Papua New Guinea,-6.3149,143.9555,Yams,1993,17600,3142,172,25.02
23602,Portugal,39.3999,-8.2245,Yams,1990,10481.9,854,9357,16.55
23722,Portugal,39.3999,-8.2245,Yams,2011,16720.4,854,14024.98,16.91
23704,Portugal,39.3999,-8.2245,Yams,2008,16363.6,854,17080.26,16.12
23644,Portugal,39.3999,-8.2245,Yams,1997,16725.8,854,12750,17.1
23662,Portugal,39.3999,-8.2245,Yams,2000,14969,854,15470,16.23
23656,Portugal,39.3999,-8.2245,Yams,1999,14594.1,854,15411,16.09
23686,Portugal,39.3999,-8.2245,Yams,2005,15677.1,854,16353,16.43
23674,Portugal,39.3999,-8.2245,Yams,2002,15015.4,854,17452,16.19
23692,Portugal,39.3999,-8.2245,Yams,2006,16666.7,854,15702,16.84
23626,Portugal,39.3999,-8.2245,Yams,1994,7440.3,854,9580,16.12
23716,Portugal,39.3999,-8.2245,Yams,2010,16560.5,854,13774.18,16.5
23638,Portugal,39.3999,-8.2245,Yams,1996,9096,854,12457,16.12
23632,Portugal,39.3999,-8.2245,Yams,1995,10814,854,11815,17.23
23734,Portugal,39.3999,-8.2245,Yams,2013,16949.2,854,10126.8,16.77
23728,Portugal,39.3999,-8.2245,Yams,2012,16521.7,854,12444.24,16.24
23710,Portugal,39.3999,-8.2245,Yams,2009,16368.3,854,13984.91,16.84
23614,Portugal,39.3999,-8.2245,Yams,1992,8145.5,854,6117,15.95
23698,Portugal,39.3999,-8.2245,Yams,2007,16562.5,854,16682.39,16.11
23608,Portugal,39.3999,-8.2245,Yams,1991,7702,854,9357,16.09
23668,Portugal,39.3999,-8.2245,Yams,2001,14581.9,854,15503,16.2
23620,Portugal,39.3999,-8.2245,Yams,1993,10203.5,854,8985,15.33
23680,Portugal,39.3999,-8.2245,Yams,2004,15500.6,854,16942,16.31
23650,Portugal,39.3999,-8.2245,Yams,1998,16153.8,854,14389,16.4
23986,Rwanda,-1.9403,29.8739,Yams,1994,3076.9,1212,157.8,19.55
24130,Rwanda,-1.9403,29.8739,Yams,2011,6675.7,1212,181.6,19.59
24148,Rwanda,-1.9403,29.8739,Yams,2013,15470,1212,1841.5,19.93
24139,Rwanda,-1.9403,29.8739,Yams,2012,7749.8,1212,925.52,19.79
23950,Rwanda,-1.9403,29.8739,Yams,1990,4000,1212,157,19.39
24022,Rwanda,-1.9403,29.8739,Yams,1998,3794,1212,157,19.79
24076,Rwanda,-1.9403,29.8739,Yams,2005,4782.6,1212,222.92,20.29
24031,Rwanda,-1.9403,29.8739,Yams,1999,2941.2,1212,152,19.35
24058,Rwanda,-1.9403,29.8739,Yams,2002,4000,1212,106.34,19.77
24121,Rwanda,-1.9403,29.8739,Yams,2010,7152.3,1212,953.85,20.12
24049,Rwanda,-1.9403,29.8739,Yams,2001,3684.2,1212,72,19.5
23968,Rwanda,-1.9403,29.8739,Yams,1992,5000,1212,97,19.54
24103,Rwanda,-1.9403,29.8739,Yams,2008,4581.7,1212,321.75,19.56
24013,Rwanda,-1.9403,29.8739,Yams,1997,3815.7,1212,249,19.78
23995,Rwanda,-1.9403,29.8739,Yams,1995,3622.7,1212,188.2,19.81
24040,Rwanda,-1.9403,29.8739,Yams,2000,3333.3,1212,147,19.59
24004,Rwanda,-1.9403,29.8739,Yams,1996,3815.1,1212,218.6,19.31
24085,Rwanda,-1.9403,29.8739,Yams,2006,4941.9,1212,288.72,20.02
24112,Rwanda,-1.9403,29.8739,Yams,2009,5200.1,1212,1187.6,19.84
23959,Rwanda,-1.9403,29.8739,Yams,1991,3076.9,1212,107,19.22
24094,Rwanda,-1.9403,29.8739,Yams,2007,4802,1212,398.11,19.6
24067,Rwanda,-1.9403,29.8739,Yams,2004,4545.5,1212,159.54,19.93
23977,Rwanda,-1.9403,29.8739,Yams,1993,5333.3,1212,127.4,19.53
25893,Sudan,12.8628,30.2176,Yams,2013,2105.3,1712,2469.47,30.65
25878,Sudan,12.8628,30.2176,Yams,2012,1973.7,1712,2469.47,26.42
25892,Sudan,12.8628,30.2176,Yams,2013,2105.3,1712,2469.47,26.84
25879,Sudan,12.8628,30.2176,Yams,2012,1973.7,1712,2469.47,29.96
